subject,condition,filename,sequence,IC,high_IC_chosen,target_pos,target_metric_2,target_metric_4,accent,musician
m7mhvm,tonic G4,fc_IC_accent_5_1.mp3,"[1, 2, 6, 5, 4, 5, 3, 1]",,1,4,1,1,1,0
m7mhvm,tonic G4,fc_IC_accent_5_4.mp3,"[1, 2, 6, 5, 4, 5, 3, 1]",,1,4,1,1,1,0
m7mhvm,tonic G4,fc_IC_default_3_4.mp3,"[1, 2, 6, 3, 2, 3, 1]",,0,4,1,1,0,0
m7mhvm,tonic G4,fc_IC_accent_5_3.mp3,"[1, 2, 6, 5, 4, 5, 3, 1]",,1,4,1,1,1,0
m7mhvm,tonic G4,fc_IC_default_5_2.mp3,"[1, 2, 6, 5, 4, 5, 3, 1]",,0,4,1,1,0,0
m7mhvm,tonic G4,fc_IC_default_5_4.mp3,"[1, 2, 6, 5, 4, 5, 3, 1]",,0,4,1,1,0,0
m7mhvm,tonic G4,fc_IC_default_3_2.mp3,"[1, 2, 6, 3, 2, 3, 1]",,0,4,1,1,0,0
m7mhvm,tonic G4,fc_IC_accent_3_1.mp3,"[1, 2, 6, 3, 2, 5, 3, 1]",,0,4,1,1,1,0
m7mhvm,tonic G4,fc_IC_accent_3_2.mp3,"[1, 2, 6, 3, 2, 3, 1]",,0,4,1,1,1,0
m7mhvm,tonic G4,fc_IC_accent_3_4.mp3,"[1, 3, 6, 3, 2, 3, 1]",,0,4,1,1,1,0
m7mhvm,tonic G4,fc_IC_default_3_1.mp3,"[1, 2, 6, 3, 2, 3, 1]",,0,4,1,1,0,0
m7mhvm,tonic G4,fc_IC_default_5_1.mp3,"[1, 2, 6, 5, 4, 5, 3, 1]",,0,4,1,1,0,0
m7mhvm,tonic G4,fc_IC_default_3_3.mp3,"[1, 2, 3, 2, 3, 1]",,0,3,2,4,0,0
m7mhvm,tonic G4,fc_IC_default_5_3.mp3,"[1, 2, 6, 5, 4, 5, 3, 1]",,0,4,1,1,0,0
m7mhvm,tonic G4,fc_IC_accent_5_2.mp3,"[1, 2, 6, 5, 4, 5, 3, 1]",,0,4,1,1,1,0
m7mhvm,tonic G4,fc_IC_accent_3_3.mp3,"[1, 2, 6, 3, 2, 5, 3, 1]",,1,4,1,1,1,0
2xfr0y,tonic G4,fc_IC_accent_5_2.mp3,"[1, 2, 6, 5, 4, 5, 3, 1]",,1,4,1,1,1,0
2xfr0y,tonic G4,fc_IC_default_3_4.mp3,"[1, 2, 6, 3, 2, 3, 1]",,0,4,1,1,0,0
2xfr0y,tonic G4,fc_IC_accent_5_4.mp3,"[1, 2, 6, 5, 4, 5, 3, 1]",,0,4,1,1,1,0
2xfr0y,tonic G4,fc_IC_accent_3_3.mp3,"[1, 2, 6, 3, 2, 5, 3, 1]",,1,4,1,1,1,0
2xfr0y,tonic G4,fc_IC_accent_3_1.mp3,"[1, 2, 6, 3, 2, 5, 3, 1]",,0,4,1,1,1,0
2xfr0y,tonic G4,fc_IC_accent_3_4.mp3,"[1, 3, 6, 3, 2, 3, 1]",,0,4,1,1,1,0
2xfr0y,tonic G4,fc_IC_default_3_3.mp3,"[1, 2, 3, 2, 3, 1]",,1,3,2,4,0,0
2xfr0y,tonic G4,fc_IC_default_5_4.mp3,"[1, 2, 6, 5, 4, 5, 3, 1]",,1,4,1,1,0,0
2xfr0y,tonic G4,fc_IC_default_5_1.mp3,"[1, 2, 6, 5, 4, 5, 3, 1]",,1,4,1,1,0,0
2xfr0y,tonic G4,fc_IC_default_5_3.mp3,"[1, 2, 6, 5, 4, 5, 3, 1]",,0,4,1,1,0,0
2xfr0y,tonic G4,fc_IC_default_5_2.mp3,"[1, 2, 6, 5, 4, 5, 3, 1]",,1,4,1,1,0,0
2xfr0y,tonic G4,fc_IC_accent_3_2.mp3,"[1, 2, 6, 3, 2, 3, 1]",,0,4,1,1,1,0
2xfr0y,tonic G4,fc_IC_default_3_2.mp3,"[1, 2, 6, 3, 2, 3, 1]",,1,4,1,1,0,0
2xfr0y,tonic G4,fc_IC_accent_5_3.mp3,"[1, 2, 6, 5, 4, 5, 3, 1]",,0,4,1,1,1,0
2xfr0y,tonic G4,fc_IC_accent_5_1.mp3,"[1, 2, 6, 5, 4, 5, 3, 1]",,1,4,1,1,1,0
2xfr0y,tonic G4,fc_IC_default_3_1.mp3,"[1, 2, 6, 3, 2, 3, 1]",,0,4,1,1,0,0
nv4rw3,tonic G4,fc_IC_accent_3_4.mp3,"[1, 3, 6, 3, 2, 3, 1]",,1,4,1,1,1,0
nv4rw3,tonic G4,fc_IC_accent_3_1.mp3,"[1, 2, 6, 3, 2, 5, 3, 1]",,0,4,1,1,1,0
nv4rw3,tonic G4,fc_IC_accent_5_1.mp3,"[1, 2, 6, 5, 4, 5, 3, 1]",,1,4,1,1,1,0
nv4rw3,tonic G4,fc_IC_default_3_1.mp3,"[1, 2, 6, 3, 2, 3, 1]",,1,4,1,1,0,0
nv4rw3,tonic G4,fc_IC_accent_5_3.mp3,"[1, 2, 6, 5, 4, 5, 3, 1]",,1,4,1,1,1,0
nv4rw3,tonic G4,fc_IC_default_3_4.mp3,"[1, 2, 6, 3, 2, 3, 1]",,1,4,1,1,0,0
nv4rw3,tonic G4,fc_IC_default_5_3.mp3,"[1, 2, 6, 5, 4, 5, 3, 1]",,1,4,1,1,0,0
nv4rw3,tonic G4,fc_IC_default_3_3.mp3,"[1, 2, 3, 2, 3, 1]",,0,3,2,4,0,0
nv4rw3,tonic G4,fc_IC_default_3_2.mp3,"[1, 2, 6, 3, 2, 3, 1]",,0,4,1,1,0,0
nv4rw3,tonic G4,fc_IC_accent_3_2.mp3,"[1, 2, 6, 3, 2, 3, 1]",,0,4,1,1,1,0
nv4rw3,tonic G4,fc_IC_accent_3_3.mp3,"[1, 2, 6, 3, 2, 5, 3, 1]",,1,4,1,1,1,0
nv4rw3,tonic G4,fc_IC_accent_5_2.mp3,"[1, 2, 6, 5, 4, 5, 3, 1]",,1,4,1,1,1,0
nv4rw3,tonic G4,fc_IC_accent_5_4.mp3,"[1, 2, 6, 5, 4, 5, 3, 1]",,1,4,1,1,1,0
nv4rw3,tonic G4,fc_IC_default_5_1.mp3,"[1, 2, 6, 5, 4, 5, 3, 1]",,0,4,1,1,0,0
nv4rw3,tonic G4,fc_IC_default_5_2.mp3,"[1, 2, 6, 5, 4, 5, 3, 1]",,1,4,1,1,0,0
nv4rw3,tonic G4,fc_IC_default_5_4.mp3,"[1, 2, 6, 5, 4, 5, 3, 1]",,0,4,1,1,0,0
ktvbmm,tonic G4,fc_IC_accent_5_2.mp3,"[1, 2, 6, 5, 4, 5, 3, 1]",,1,4,1,1,1,0
ktvbmm,tonic G4,fc_IC_accent_3_2.mp3,"[1, 2, 6, 3, 2, 3, 1]",,0,4,1,1,1,0
ktvbmm,tonic G4,fc_IC_accent_5_3.mp3,"[1, 2, 6, 5, 4, 5, 3, 1]",,0,4,1,1,1,0
ktvbmm,tonic G4,fc_IC_accent_3_4.mp3,"[1, 3, 6, 3, 2, 3, 1]",,0,4,1,1,1,0
ktvbmm,tonic G4,fc_IC_default_3_3.mp3,"[1, 2, 3, 2, 3, 1]",,0,3,2,4,0,0
ktvbmm,tonic G4,fc_IC_default_3_2.mp3,"[1, 2, 6, 3, 2, 3, 1]",,0,4,1,1,0,0
ktvbmm,tonic G4,fc_IC_default_3_4.mp3,"[1, 2, 6, 3, 2, 3, 1]",,1,4,1,1,0,0
ktvbmm,tonic G4,fc_IC_default_5_1.mp3,"[1, 2, 6, 5, 4, 5, 3, 1]",,0,4,1,1,0,0
ktvbmm,tonic G4,fc_IC_default_5_3.mp3,"[1, 2, 6, 5, 4, 5, 3, 1]",,0,4,1,1,0,0
ktvbmm,tonic G4,fc_IC_default_3_1.mp3,"[1, 2, 6, 3, 2, 3, 1]",,0,4,1,1,0,0
ktvbmm,tonic G4,fc_IC_accent_5_1.mp3,"[1, 2, 6, 5, 4, 5, 3, 1]",,0,4,1,1,1,0
ktvbmm,tonic G4,fc_IC_default_5_2.mp3,"[1, 2, 6, 5, 4, 5, 3, 1]",,0,4,1,1,0,0
ktvbmm,tonic G4,fc_IC_default_5_4.mp3,"[1, 2, 6, 5, 4, 5, 3, 1]",,0,4,1,1,0,0
ktvbmm,tonic G4,fc_IC_accent_3_1.mp3,"[1, 2, 6, 3, 2, 5, 3, 1]",,0,4,1,1,1,0
ktvbmm,tonic G4,fc_IC_accent_5_4.mp3,"[1, 2, 6, 5, 4, 5, 3, 1]",,0,4,1,1,1,0
ktvbmm,tonic G4,fc_IC_accent_3_3.mp3,"[1, 2, 6, 3, 2, 5, 3, 1]",,0,4,1,1,1,0
ht4sq9,tonic G4,fc_IC_accent_5_3.mp3,"[1, 2, 6, 5, 4, 5, 3, 1]",,1,4,1,1,1,1
ht4sq9,tonic G4,fc_IC_default_5_3.mp3,"[1, 2, 6, 5, 4, 5, 3, 1]",,1,4,1,1,0,1
ht4sq9,tonic G4,fc_IC_accent_3_4.mp3,"[1, 3, 6, 3, 2, 3, 1]",,0,4,1,1,1,1
ht4sq9,tonic G4,fc_IC_accent_3_1.mp3,"[1, 2, 6, 3, 2, 5, 3, 1]",,0,4,1,1,1,1
ht4sq9,tonic G4,fc_IC_default_5_1.mp3,"[1, 2, 6, 5, 4, 5, 3, 1]",,1,4,1,1,0,1
ht4sq9,tonic G4,fc_IC_default_5_2.mp3,"[1, 2, 6, 5, 4, 5, 3, 1]",,0,4,1,1,0,1
ht4sq9,tonic G4,fc_IC_default_3_3.mp3,"[1, 2, 3, 2, 3, 1]",,0,3,2,4,0,1
ht4sq9,tonic G4,fc_IC_accent_3_2.mp3,"[1, 2, 6, 3, 2, 3, 1]",,0,4,1,1,1,1
ht4sq9,tonic G4,fc_IC_accent_3_3.mp3,"[1, 2, 6, 3, 2, 5, 3, 1]",,1,4,1,1,1,1
ht4sq9,tonic G4,fc_IC_default_3_2.mp3,"[1, 2, 6, 3, 2, 3, 1]",,0,4,1,1,0,1
ht4sq9,tonic G4,fc_IC_default_3_4.mp3,"[1, 2, 6, 3, 2, 3, 1]",,0,4,1,1,0,1
ht4sq9,tonic G4,fc_IC_accent_5_2.mp3,"[1, 2, 6, 5, 4, 5, 3, 1]",,1,4,1,1,1,1
ht4sq9,tonic G4,fc_IC_accent_5_4.mp3,"[1, 2, 6, 5, 4, 5, 3, 1]",,1,4,1,1,1,1
ht4sq9,tonic G4,fc_IC_default_3_1.mp3,"[1, 2, 6, 3, 2, 3, 1]",,0,4,1,1,0,1
ht4sq9,tonic G4,fc_IC_default_5_4.mp3,"[1, 2, 6, 5, 4, 5, 3, 1]",,1,4,1,1,0,1
ht4sq9,tonic G4,fc_IC_accent_5_1.mp3,"[1, 2, 6, 5, 4, 5, 3, 1]",,1,4,1,1,1,1
zwsxdc,tonic G4,fc_IC_default_3_3.mp3,"[1, 2, 3, 2, 3, 1]",,1,3,2,4,0,0
zwsxdc,tonic G4,fc_IC_default_3_2.mp3,"[1, 2, 6, 3, 2, 3, 1]",,0,4,1,1,0,0
zwsxdc,tonic G4,fc_IC_default_5_1.mp3,"[1, 2, 6, 5, 4, 5, 3, 1]",,1,4,1,1,0,0
zwsxdc,tonic G4,fc_IC_accent_3_2.mp3,"[1, 2, 6, 3, 2, 3, 1]",,0,4,1,1,1,0
zwsxdc,tonic G4,fc_IC_accent_3_4.mp3,"[1, 3, 6, 3, 2, 3, 1]",,0,4,1,1,1,0
zwsxdc,tonic G4,fc_IC_accent_5_2.mp3,"[1, 2, 6, 5, 4, 5, 3, 1]",,1,4,1,1,1,0
zwsxdc,tonic G4,fc_IC_accent_5_1.mp3,"[1, 2, 6, 5, 4, 5, 3, 1]",,1,4,1,1,1,0
zwsxdc,tonic G4,fc_IC_accent_5_4.mp3,"[1, 2, 6, 5, 4, 5, 3, 1]",,0,4,1,1,1,0
zwsxdc,tonic G4,fc_IC_accent_3_3.mp3,"[1, 2, 6, 3, 2, 5, 3, 1]",,0,4,1,1,1,0
zwsxdc,tonic G4,fc_IC_default_5_4.mp3,"[1, 2, 6, 5, 4, 5, 3, 1]",,0,4,1,1,0,0
zwsxdc,tonic G4,fc_IC_accent_5_3.mp3,"[1, 2, 6, 5, 4, 5, 3, 1]",,1,4,1,1,1,0
zwsxdc,tonic G4,fc_IC_default_3_1.mp3,"[1, 2, 6, 3, 2, 3, 1]",,0,4,1,1,0,0
zwsxdc,tonic G4,fc_IC_default_5_3.mp3,"[1, 2, 6, 5, 4, 5, 3, 1]",,0,4,1,1,0,0
zwsxdc,tonic G4,fc_IC_accent_3_1.mp3,"[1, 2, 6, 3, 2, 5, 3, 1]",,0,4,1,1,1,0
zwsxdc,tonic G4,fc_IC_default_3_4.mp3,"[1, 2, 6, 3, 2, 3, 1]",,0,4,1,1,0,0
zwsxdc,tonic G4,fc_IC_default_5_2.mp3,"[1, 2, 6, 5, 4, 5, 3, 1]",,0,4,1,1,0,0
9a1r7k,tonic G4,fc_IC_default_5_4.mp3,"[1, 2, 6, 5, 4, 5, 3, 1]",,1,4,1,1,0,0
9a1r7k,tonic G4,fc_IC_accent_3_1.mp3,"[1, 2, 6, 3, 2, 5, 3, 1]",,1,4,1,1,1,0
9a1r7k,tonic G4,fc_IC_default_5_1.mp3,"[1, 2, 6, 5, 4, 5, 3, 1]",,1,4,1,1,0,0
9a1r7k,tonic G4,fc_IC_default_5_2.mp3,"[1, 2, 6, 5, 4, 5, 3, 1]",,0,4,1,1,0,0
9a1r7k,tonic G4,fc_IC_accent_5_2.mp3,"[1, 2, 6, 5, 4, 5, 3, 1]",,0,4,1,1,1,0
9a1r7k,tonic G4,fc_IC_default_3_3.mp3,"[1, 2, 3, 2, 3, 1]",,0,3,2,4,0,0
9a1r7k,tonic G4,fc_IC_accent_3_4.mp3,"[1, 3, 6, 3, 2, 3, 1]",,1,4,1,1,1,0
9a1r7k,tonic G4,fc_IC_default_5_3.mp3,"[1, 2, 6, 5, 4, 5, 3, 1]",,1,4,1,1,0,0
9a1r7k,tonic G4,fc_IC_accent_3_2.mp3,"[1, 2, 6, 3, 2, 3, 1]",,0,4,1,1,1,0
9a1r7k,tonic G4,fc_IC_default_3_2.mp3,"[1, 2, 6, 3, 2, 3, 1]",,0,4,1,1,0,0
9a1r7k,tonic G4,fc_IC_default_3_4.mp3,"[1, 2, 6, 3, 2, 3, 1]",,0,4,1,1,0,0
9a1r7k,tonic G4,fc_IC_accent_5_1.mp3,"[1, 2, 6, 5, 4, 5, 3, 1]",,0,4,1,1,1,0
9a1r7k,tonic G4,fc_IC_accent_3_3.mp3,"[1, 2, 6, 3, 2, 5, 3, 1]",,0,4,1,1,1,0
9a1r7k,tonic G4,fc_IC_default_3_1.mp3,"[1, 2, 6, 3, 2, 3, 1]",,1,4,1,1,0,0
9a1r7k,tonic G4,fc_IC_accent_5_4.mp3,"[1, 2, 6, 5, 4, 5, 3, 1]",,0,4,1,1,1,0
9a1r7k,tonic G4,fc_IC_accent_5_3.mp3,"[1, 2, 6, 5, 4, 5, 3, 1]",,0,4,1,1,1,0
58ee85,tonic G4,fc_IC_default_3_1.mp3,"[1, 2, 6, 3, 2, 3, 1]",,0,4,1,1,0,0
58ee85,tonic G4,fc_IC_default_3_3.mp3,"[1, 2, 3, 2, 3, 1]",,0,3,2,4,0,0
58ee85,tonic G4,fc_IC_accent_3_3.mp3,"[1, 2, 6, 3, 2, 5, 3, 1]",,1,4,1,1,1,0
58ee85,tonic G4,fc_IC_default_5_4.mp3,"[1, 2, 6, 5, 4, 5, 3, 1]",,1,4,1,1,0,0
58ee85,tonic G4,fc_IC_default_5_2.mp3,"[1, 2, 6, 5, 4, 5, 3, 1]",,0,4,1,1,0,0
58ee85,tonic G4,fc_IC_accent_5_4.mp3,"[1, 2, 6, 5, 4, 5, 3, 1]",,0,4,1,1,1,0
58ee85,tonic G4,fc_IC_default_5_3.mp3,"[1, 2, 6, 5, 4, 5, 3, 1]",,1,4,1,1,0,0
58ee85,tonic G4,fc_IC_accent_3_4.mp3,"[1, 3, 6, 3, 2, 3, 1]",,0,4,1,1,1,0
58ee85,tonic G4,fc_IC_default_5_1.mp3,"[1, 2, 6, 5, 4, 5, 3, 1]",,1,4,1,1,0,0
58ee85,tonic G4,fc_IC_accent_5_3.mp3,"[1, 2, 6, 5, 4, 5, 3, 1]",,0,4,1,1,1,0
58ee85,tonic G4,fc_IC_accent_5_2.mp3,"[1, 2, 6, 5, 4, 5, 3, 1]",,1,4,1,1,1,0
58ee85,tonic G4,fc_IC_accent_3_1.mp3,"[1, 2, 6, 3, 2, 5, 3, 1]",,1,4,1,1,1,0
58ee85,tonic G4,fc_IC_default_3_4.mp3,"[1, 2, 6, 3, 2, 3, 1]",,0,4,1,1,0,0
58ee85,tonic G4,fc_IC_accent_5_1.mp3,"[1, 2, 6, 5, 4, 5, 3, 1]",,0,4,1,1,1,0
58ee85,tonic G4,fc_IC_default_3_2.mp3,"[1, 2, 6, 3, 2, 3, 1]",,1,4,1,1,0,0
58ee85,tonic G4,fc_IC_accent_3_2.mp3,"[1, 2, 6, 3, 2, 3, 1]",,0,4,1,1,1,0
dpwwd4,tonic G4,fc_IC_accent_3_4.mp3,"[1, 3, 6, 3, 2, 3, 1]",,1,4,1,1,1,0
dpwwd4,tonic G4,fc_IC_default_3_1.mp3,"[1, 2, 6, 3, 2, 3, 1]",,0,4,1,1,0,0
dpwwd4,tonic G4,fc_IC_accent_5_1.mp3,"[1, 2, 6, 5, 4, 5, 3, 1]",,1,4,1,1,1,0
dpwwd4,tonic G4,fc_IC_accent_5_3.mp3,"[1, 2, 6, 5, 4, 5, 3, 1]",,1,4,1,1,1,0
dpwwd4,tonic G4,fc_IC_accent_3_2.mp3,"[1, 2, 6, 3, 2, 3, 1]",,1,4,1,1,1,0
dpwwd4,tonic G4,fc_IC_default_3_4.mp3,"[1, 2, 6, 3, 2, 3, 1]",,1,4,1,1,0,0
dpwwd4,tonic G4,fc_IC_default_5_3.mp3,"[1, 2, 6, 5, 4, 5, 3, 1]",,1,4,1,1,0,0
dpwwd4,tonic G4,fc_IC_accent_5_2.mp3,"[1, 2, 6, 5, 4, 5, 3, 1]",,1,4,1,1,1,0
dpwwd4,tonic G4,fc_IC_default_3_2.mp3,"[1, 2, 6, 3, 2, 3, 1]",,1,4,1,1,0,0
dpwwd4,tonic G4,fc_IC_accent_3_1.mp3,"[1, 2, 6, 3, 2, 5, 3, 1]",,1,4,1,1,1,0
dpwwd4,tonic G4,fc_IC_accent_5_4.mp3,"[1, 2, 6, 5, 4, 5, 3, 1]",,1,4,1,1,1,0
dpwwd4,tonic G4,fc_IC_default_5_1.mp3,"[1, 2, 6, 5, 4, 5, 3, 1]",,0,4,1,1,0,0
dpwwd4,tonic G4,fc_IC_default_5_2.mp3,"[1, 2, 6, 5, 4, 5, 3, 1]",,0,4,1,1,0,0
dpwwd4,tonic G4,fc_IC_accent_3_3.mp3,"[1, 2, 6, 3, 2, 5, 3, 1]",,0,4,1,1,1,0
dpwwd4,tonic G4,fc_IC_default_3_3.mp3,"[1, 2, 3, 2, 3, 1]",,1,3,2,4,0,0
dpwwd4,tonic G4,fc_IC_default_5_4.mp3,"[1, 2, 6, 5, 4, 5, 3, 1]",,0,4,1,1,0,0
jkmexa,tonic G4,fc_IC_default_5_3.mp3,"[1, 2, 6, 5, 4, 5, 3, 1]",,1,4,1,1,0,1
jkmexa,tonic G4,fc_IC_accent_3_2.mp3,"[1, 2, 6, 3, 2, 3, 1]",,1,4,1,1,1,1
jkmexa,tonic G4,fc_IC_default_3_4.mp3,"[1, 2, 6, 3, 2, 3, 1]",,0,4,1,1,0,1
jkmexa,tonic G4,fc_IC_accent_5_1.mp3,"[1, 2, 6, 5, 4, 5, 3, 1]",,1,4,1,1,1,1
jkmexa,tonic G4,fc_IC_default_3_1.mp3,"[1, 2, 6, 3, 2, 3, 1]",,1,4,1,1,0,1
jkmexa,tonic G4,fc_IC_accent_3_4.mp3,"[1, 3, 6, 3, 2, 3, 1]",,0,4,1,1,1,1
jkmexa,tonic G4,fc_IC_accent_3_1.mp3,"[1, 2, 6, 3, 2, 5, 3, 1]",,0,4,1,1,1,1
jkmexa,tonic G4,fc_IC_default_5_2.mp3,"[1, 2, 6, 5, 4, 5, 3, 1]",,1,4,1,1,0,1
jkmexa,tonic G4,fc_IC_accent_5_3.mp3,"[1, 2, 6, 5, 4, 5, 3, 1]",,1,4,1,1,1,1
jkmexa,tonic G4,fc_IC_default_3_2.mp3,"[1, 2, 6, 3, 2, 3, 1]",,1,4,1,1,0,1
jkmexa,tonic G4,fc_IC_accent_3_3.mp3,"[1, 2, 6, 3, 2, 5, 3, 1]",,1,4,1,1,1,1
jkmexa,tonic G4,fc_IC_default_5_1.mp3,"[1, 2, 6, 5, 4, 5, 3, 1]",,0,4,1,1,0,1
jkmexa,tonic G4,fc_IC_default_3_3.mp3,"[1, 2, 3, 2, 3, 1]",,1,3,2,4,0,1
jkmexa,tonic G4,fc_IC_default_5_4.mp3,"[1, 2, 6, 5, 4, 5, 3, 1]",,1,4,1,1,0,1
jkmexa,tonic G4,fc_IC_accent_5_2.mp3,"[1, 2, 6, 5, 4, 5, 3, 1]",,1,4,1,1,1,1
jkmexa,tonic G4,fc_IC_accent_5_4.mp3,"[1, 2, 6, 5, 4, 5, 3, 1]",,1,4,1,1,1,1
flrhcy,tonic G4,fc_IC_default_5_4.mp3,"[1, 2, 6, 5, 4, 5, 3, 1]",,1,4,1,1,0,0
flrhcy,tonic G4,fc_IC_default_3_3.mp3,"[1, 2, 3, 2, 3, 1]",,0,3,2,4,0,0
flrhcy,tonic G4,fc_IC_accent_3_1.mp3,"[1, 2, 6, 3, 2, 5, 3, 1]",,1,4,1,1,1,0
flrhcy,tonic G4,fc_IC_default_3_1.mp3,"[1, 2, 6, 3, 2, 3, 1]",,1,4,1,1,0,0
flrhcy,tonic G4,fc_IC_accent_3_3.mp3,"[1, 2, 6, 3, 2, 5, 3, 1]",,1,4,1,1,1,0
flrhcy,tonic G4,fc_IC_default_3_4.mp3,"[1, 2, 6, 3, 2, 3, 1]",,1,4,1,1,0,0
flrhcy,tonic G4,fc_IC_default_3_2.mp3,"[1, 2, 6, 3, 2, 3, 1]",,1,4,1,1,0,0
flrhcy,tonic G4,fc_IC_accent_5_1.mp3,"[1, 2, 6, 5, 4, 5, 3, 1]",,0,4,1,1,1,0
flrhcy,tonic G4,fc_IC_accent_3_4.mp3,"[1, 3, 6, 3, 2, 3, 1]",,1,4,1,1,1,0
flrhcy,tonic G4,fc_IC_accent_5_4.mp3,"[1, 2, 6, 5, 4, 5, 3, 1]",,0,4,1,1,1,0
flrhcy,tonic G4,fc_IC_accent_3_2.mp3,"[1, 2, 6, 3, 2, 3, 1]",,1,4,1,1,1,0
flrhcy,tonic G4,fc_IC_default_5_3.mp3,"[1, 2, 6, 5, 4, 5, 3, 1]",,0,4,1,1,0,0
flrhcy,tonic G4,fc_IC_default_5_2.mp3,"[1, 2, 6, 5, 4, 5, 3, 1]",,0,4,1,1,0,0
flrhcy,tonic G4,fc_IC_accent_5_3.mp3,"[1, 2, 6, 5, 4, 5, 3, 1]",,0,4,1,1,1,0
flrhcy,tonic G4,fc_IC_accent_5_2.mp3,"[1, 2, 6, 5, 4, 5, 3, 1]",,0,4,1,1,1,0
flrhcy,tonic G4,fc_IC_default_5_1.mp3,"[1, 2, 6, 5, 4, 5, 3, 1]",,1,4,1,1,0,0
78h1fg,tonic G4,fc_IC_accent_3_4.mp3,"[1, 3, 6, 3, 2, 3, 1]",,0,4,1,1,1,0
78h1fg,tonic G4,fc_IC_accent_5_3.mp3,"[1, 2, 6, 5, 4, 5, 3, 1]",,0,4,1,1,1,0
78h1fg,tonic G4,fc_IC_default_5_1.mp3,"[1, 2, 6, 5, 4, 5, 3, 1]",,1,4,1,1,0,0
78h1fg,tonic G4,fc_IC_accent_3_3.mp3,"[1, 2, 6, 3, 2, 5, 3, 1]",,1,4,1,1,1,0
78h1fg,tonic G4,fc_IC_default_3_4.mp3,"[1, 2, 6, 3, 2, 3, 1]",,0,4,1,1,0,0
78h1fg,tonic G4,fc_IC_default_3_3.mp3,"[1, 2, 3, 2, 3, 1]",,0,3,2,4,0,0
78h1fg,tonic G4,fc_IC_accent_5_1.mp3,"[1, 2, 6, 5, 4, 5, 3, 1]",,0,4,1,1,1,0
78h1fg,tonic G4,fc_IC_default_5_3.mp3,"[1, 2, 6, 5, 4, 5, 3, 1]",,0,4,1,1,0,0
78h1fg,tonic G4,fc_IC_default_5_2.mp3,"[1, 2, 6, 5, 4, 5, 3, 1]",,0,4,1,1,0,0
78h1fg,tonic G4,fc_IC_accent_3_1.mp3,"[1, 2, 6, 3, 2, 5, 3, 1]",,0,4,1,1,1,0
78h1fg,tonic G4,fc_IC_default_3_2.mp3,"[1, 2, 6, 3, 2, 3, 1]",,1,4,1,1,0,0
78h1fg,tonic G4,fc_IC_default_5_4.mp3,"[1, 2, 6, 5, 4, 5, 3, 1]",,1,4,1,1,0,0
78h1fg,tonic G4,fc_IC_accent_5_2.mp3,"[1, 2, 6, 5, 4, 5, 3, 1]",,1,4,1,1,1,0
78h1fg,tonic G4,fc_IC_accent_5_4.mp3,"[1, 2, 6, 5, 4, 5, 3, 1]",,1,4,1,1,1,0
78h1fg,tonic G4,fc_IC_default_3_1.mp3,"[1, 2, 6, 3, 2, 3, 1]",,1,4,1,1,0,0
78h1fg,tonic G4,fc_IC_accent_3_2.mp3,"[1, 2, 6, 3, 2, 3, 1]",,1,4,1,1,1,0
s6w20j,tonic G4,fc_IC_accent_5_3.mp3,"[1, 2, 6, 5, 4, 5, 3, 1]",,1,4,1,1,1,0
s6w20j,tonic G4,fc_IC_default_5_4.mp3,"[1, 2, 6, 5, 4, 5, 3, 1]",,0,4,1,1,0,0
s6w20j,tonic G4,fc_IC_accent_3_2.mp3,"[1, 2, 6, 3, 2, 3, 1]",,0,4,1,1,1,0
s6w20j,tonic G4,fc_IC_default_5_1.mp3,"[1, 2, 6, 5, 4, 5, 3, 1]",,0,4,1,1,0,0
s6w20j,tonic G4,fc_IC_default_3_2.mp3,"[1, 2, 6, 3, 2, 3, 1]",,1,4,1,1,0,0
s6w20j,tonic G4,fc_IC_default_5_3.mp3,"[1, 2, 6, 5, 4, 5, 3, 1]",,0,4,1,1,0,0
s6w20j,tonic G4,fc_IC_default_3_3.mp3,"[1, 2, 3, 2, 3, 1]",,1,3,2,4,0,0
s6w20j,tonic G4,fc_IC_accent_5_1.mp3,"[1, 2, 6, 5, 4, 5, 3, 1]",,0,4,1,1,1,0
s6w20j,tonic G4,fc_IC_accent_3_4.mp3,"[1, 3, 6, 3, 2, 3, 1]",,1,4,1,1,1,0
s6w20j,tonic G4,fc_IC_default_3_1.mp3,"[1, 2, 6, 3, 2, 3, 1]",,1,4,1,1,0,0
s6w20j,tonic G4,fc_IC_accent_5_2.mp3,"[1, 2, 6, 5, 4, 5, 3, 1]",,0,4,1,1,1,0
s6w20j,tonic G4,fc_IC_default_5_2.mp3,"[1, 2, 6, 5, 4, 5, 3, 1]",,0,4,1,1,0,0
s6w20j,tonic G4,fc_IC_default_3_4.mp3,"[1, 2, 6, 3, 2, 3, 1]",,1,4,1,1,0,0
s6w20j,tonic G4,fc_IC_accent_3_3.mp3,"[1, 2, 6, 3, 2, 5, 3, 1]",,0,4,1,1,1,0
s6w20j,tonic G4,fc_IC_accent_5_4.mp3,"[1, 2, 6, 5, 4, 5, 3, 1]",,0,4,1,1,1,0
s6w20j,tonic G4,fc_IC_accent_3_1.mp3,"[1, 2, 6, 3, 2, 5, 3, 1]",,0,4,1,1,1,0
ec9s17,tonic Bb4,fc_IC_accent_3_2.mp3,"[1, 2, 6, 3, 2, 3, 1]",,1,4,1,1,1,1
ec9s17,tonic Bb4,fc_IC_accent_5_2.mp3,"[1, 2, 3, 6, 5, 4, 3, 1]",,1,5,2,2,1,1
ec9s17,tonic Bb4,fc_IC_default_3_1.mp3,"[1, 2, 6, 3, 2, 3, 1]",,1,4,1,1,0,1
ec9s17,tonic Bb4,fc_IC_default_5_3.mp3,"[1, 2, 6, 5, 4, 5, 3, 1]",,0,4,1,1,0,1
ec9s17,tonic Bb4,fc_IC_default_5_4.mp3,"[1, 3, 6, 5, 4, 3, 1]",,0,4,1,1,0,1
ec9s17,tonic Bb4,fc_IC_accent_5_1.mp3,"[1, 2, 6, 5, 4, 5, 3, 1]",,0,4,1,1,1,1
ec9s17,tonic Bb4,fc_IC_default_5_2.mp3,"[1, 2, 6, 5, 4, 3, 1]",,0,4,1,1,0,1
ec9s17,tonic Bb4,fc_IC_accent_5_3.mp3,"[1, 2, 6, 5, 4, 3, 1]",,0,4,1,1,1,1
ec9s17,tonic Bb4,fc_IC_default_3_2.mp3,"[1, 2, 6, 3, 2, 5, 3, 1]",,0,4,1,1,0,1
ec9s17,tonic Bb4,fc_IC_default_3_4.mp3,"[1, 3, 6, 3, 2, 3, 1]",,1,4,1,1,0,1
ec9s17,tonic Bb4,fc_IC_accent_3_4.mp3,"[1, 2, 6, 3, 2, 5, 3, 1]",,1,4,1,1,1,1
ec9s17,tonic Bb4,fc_IC_default_5_1.mp3,"[1, 2, 6, 5, 4, 3, 1]",,0,4,1,1,0,1
ec9s17,tonic Bb4,fc_IC_default_3_3.mp3,"[1, 2, 6, 3, 2, 5, 3, 1]",,1,4,1,1,0,1
ec9s17,tonic Bb4,fc_IC_accent_3_3.mp3,"[1, 2, 6, 3, 2, 3, 1]",,1,4,1,1,1,1
ec9s17,tonic Bb4,fc_IC_accent_5_4.mp3,"[1, 2, 6, 5, 4, 3, 1]",,0,4,1,1,1,1
ec9s17,tonic Bb4,fc_IC_accent_3_1.mp3,"[1, 2, 6, 3, 2, 3, 1]",,1,4,1,1,1,1
u47d1f,tonic Bb4,fc_IC_accent_5_3.mp3,"[1, 2, 6, 5, 4, 3, 1]",,1,4,1,1,1,0
u47d1f,tonic Bb4,fc_IC_default_5_4.mp3,"[1, 3, 6, 5, 4, 3, 1]",,0,4,1,1,0,0
u47d1f,tonic Bb4,fc_IC_accent_3_1.mp3,"[1, 2, 6, 3, 2, 3, 1]",,1,4,1,1,1,0
u47d1f,tonic Bb4,fc_IC_default_5_3.mp3,"[1, 2, 6, 5, 4, 5, 3, 1]",,0,4,1,1,0,0
u47d1f,tonic Bb4,fc_IC_accent_3_4.mp3,"[1, 2, 6, 3, 2, 5, 3, 1]",,1,4,1,1,1,0
u47d1f,tonic Bb4,fc_IC_default_3_1.mp3,"[1, 2, 6, 3, 2, 3, 1]",,0,4,1,1,0,0
u47d1f,tonic Bb4,fc_IC_accent_5_4.mp3,"[1, 2, 6, 5, 4, 3, 1]",,0,4,1,1,1,0
u47d1f,tonic Bb4,fc_IC_accent_3_3.mp3,"[1, 2, 6, 3, 2, 3, 1]",,1,4,1,1,1,0
u47d1f,tonic Bb4,fc_IC_accent_5_1.mp3,"[1, 2, 6, 5, 4, 5, 3, 1]",,0,4,1,1,1,0
u47d1f,tonic Bb4,fc_IC_accent_3_2.mp3,"[1, 2, 6, 3, 2, 3, 1]",,1,4,1,1,1,0
u47d1f,tonic Bb4,fc_IC_default_3_3.mp3,"[1, 2, 6, 3, 2, 5, 3, 1]",,1,4,1,1,0,0
u47d1f,tonic Bb4,fc_IC_default_5_1.mp3,"[1, 2, 6, 5, 4, 3, 1]",,0,4,1,1,0,0
u47d1f,tonic Bb4,fc_IC_accent_5_2.mp3,"[1, 2, 3, 6, 5, 4, 3, 1]",,0,5,2,2,1,0
u47d1f,tonic Bb4,fc_IC_default_3_4.mp3,"[1, 3, 6, 3, 2, 3, 1]",,1,4,1,1,0,0
u47d1f,tonic Bb4,fc_IC_default_5_2.mp3,"[1, 2, 6, 5, 4, 3, 1]",,1,4,1,1,0,0
u47d1f,tonic Bb4,fc_IC_default_3_2.mp3,"[1, 2, 6, 3, 2, 5, 3, 1]",,1,4,1,1,0,0
ttvk1n,tonic Bb4,fc_IC_default_5_3.mp3,"[1, 2, 6, 5, 4, 5, 3, 1]",,1,4,1,1,0,1
ttvk1n,tonic Bb4,fc_IC_accent_3_4.mp3,"[1, 2, 6, 3, 2, 5, 3, 1]",,1,4,1,1,1,1
ttvk1n,tonic Bb4,fc_IC_default_3_3.mp3,"[1, 2, 6, 3, 2, 5, 3, 1]",,0,4,1,1,0,1
ttvk1n,tonic Bb4,fc_IC_default_3_1.mp3,"[1, 2, 6, 3, 2, 3, 1]",,1,4,1,1,0,1
ttvk1n,tonic Bb4,fc_IC_accent_5_4.mp3,"[1, 2, 6, 5, 4, 3, 1]",,0,4,1,1,1,1
ttvk1n,tonic Bb4,fc_IC_default_5_2.mp3,"[1, 2, 6, 5, 4, 3, 1]",,0,4,1,1,0,1
ttvk1n,tonic Bb4,fc_IC_accent_5_3.mp3,"[1, 2, 6, 5, 4, 3, 1]",,0,4,1,1,1,1
ttvk1n,tonic Bb4,fc_IC_accent_3_1.mp3,"[1, 2, 6, 3, 2, 3, 1]",,1,4,1,1,1,1
ttvk1n,tonic Bb4,fc_IC_accent_3_2.mp3,"[1, 2, 6, 3, 2, 3, 1]",,1,4,1,1,1,1
ttvk1n,tonic Bb4,fc_IC_accent_5_1.mp3,"[1, 2, 6, 5, 4, 5, 3, 1]",,1,4,1,1,1,1
ttvk1n,tonic Bb4,fc_IC_accent_3_3.mp3,"[1, 2, 6, 3, 2, 3, 1]",,1,4,1,1,1,1
ttvk1n,tonic Bb4,fc_IC_default_5_1.mp3,"[1, 2, 6, 5, 4, 3, 1]",,0,4,1,1,0,1
ttvk1n,tonic Bb4,fc_IC_default_3_4.mp3,"[1, 3, 6, 3, 2, 3, 1]",,1,4,1,1,0,1
ttvk1n,tonic Bb4,fc_IC_accent_5_2.mp3,"[1, 2, 3, 6, 5, 4, 3, 1]",,0,5,2,2,1,1
ttvk1n,tonic Bb4,fc_IC_default_5_4.mp3,"[1, 3, 6, 5, 4, 3, 1]",,0,4,1,1,0,1
ttvk1n,tonic Bb4,fc_IC_default_3_2.mp3,"[1, 2, 6, 3, 2, 5, 3, 1]",,1,4,1,1,0,1
w3m1ys,tonic Bb4,fc_IC_accent_5_4.mp3,"[1, 2, 6, 5, 4, 3, 1]",,1,4,1,1,1,0
w3m1ys,tonic Bb4,fc_IC_default_3_4.mp3,"[1, 3, 6, 3, 2, 3, 1]",,1,4,1,1,0,0
w3m1ys,tonic Bb4,fc_IC_accent_5_3.mp3,"[1, 2, 6, 5, 4, 3, 1]",,1,4,1,1,1,0
w3m1ys,tonic Bb4,fc_IC_default_5_3.mp3,"[1, 2, 6, 5, 4, 5, 3, 1]",,1,4,1,1,0,0
w3m1ys,tonic Bb4,fc_IC_default_5_1.mp3,"[1, 2, 6, 5, 4, 3, 1]",,1,4,1,1,0,0
w3m1ys,tonic Bb4,fc_IC_default_5_4.mp3,"[1, 3, 6, 5, 4, 3, 1]",,1,4,1,1,0,0
w3m1ys,tonic Bb4,fc_IC_accent_3_4.mp3,"[1, 2, 6, 3, 2, 5, 3, 1]",,0,4,1,1,1,0
w3m1ys,tonic Bb4,fc_IC_accent_5_1.mp3,"[1, 2, 6, 5, 4, 5, 3, 1]",,0,4,1,1,1,0
w3m1ys,tonic Bb4,fc_IC_accent_3_1.mp3,"[1, 2, 6, 3, 2, 3, 1]",,0,4,1,1,1,0
w3m1ys,tonic Bb4,fc_IC_accent_3_2.mp3,"[1, 2, 6, 3, 2, 3, 1]",,0,4,1,1,1,0
w3m1ys,tonic Bb4,fc_IC_default_3_2.mp3,"[1, 2, 6, 3, 2, 5, 3, 1]",,0,4,1,1,0,0
w3m1ys,tonic Bb4,fc_IC_default_3_1.mp3,"[1, 2, 6, 3, 2, 3, 1]",,0,4,1,1,0,0
w3m1ys,tonic Bb4,fc_IC_default_3_3.mp3,"[1, 2, 6, 3, 2, 5, 3, 1]",,0,4,1,1,0,0
w3m1ys,tonic Bb4,fc_IC_accent_3_3.mp3,"[1, 2, 6, 3, 2, 3, 1]",,0,4,1,1,1,0
w3m1ys,tonic Bb4,fc_IC_accent_5_2.mp3,"[1, 2, 3, 6, 5, 4, 3, 1]",,1,5,2,2,1,0
w3m1ys,tonic Bb4,fc_IC_default_5_2.mp3,"[1, 2, 6, 5, 4, 3, 1]",,0,4,1,1,0,0
flba1o,tonic Bb4,fc_IC_accent_5_2.mp3,"[1, 2, 3, 6, 5, 4, 3, 1]",,1,5,2,2,1,1
flba1o,tonic Bb4,fc_IC_default_5_3.mp3,"[1, 2, 6, 5, 4, 5, 3, 1]",,0,4,1,1,0,1
flba1o,tonic Bb4,fc_IC_default_3_3.mp3,"[1, 2, 6, 3, 2, 5, 3, 1]",,0,4,1,1,0,1
flba1o,tonic Bb4,fc_IC_default_5_1.mp3,"[1, 2, 6, 5, 4, 3, 1]",,0,4,1,1,0,1
flba1o,tonic Bb4,fc_IC_accent_3_1.mp3,"[1, 2, 6, 3, 2, 3, 1]",,1,4,1,1,1,1
flba1o,tonic Bb4,fc_IC_accent_3_2.mp3,"[1, 2, 6, 3, 2, 3, 1]",,1,4,1,1,1,1
flba1o,tonic Bb4,fc_IC_default_5_2.mp3,"[1, 2, 6, 5, 4, 3, 1]",,0,4,1,1,0,1
flba1o,tonic Bb4,fc_IC_default_5_4.mp3,"[1, 3, 6, 5, 4, 3, 1]",,0,4,1,1,0,1
flba1o,tonic Bb4,fc_IC_accent_5_4.mp3,"[1, 2, 6, 5, 4, 3, 1]",,0,4,1,1,1,1
flba1o,tonic Bb4,fc_IC_accent_3_3.mp3,"[1, 2, 6, 3, 2, 3, 1]",,1,4,1,1,1,1
flba1o,tonic Bb4,fc_IC_default_3_1.mp3,"[1, 2, 6, 3, 2, 3, 1]",,1,4,1,1,0,1
flba1o,tonic Bb4,fc_IC_default_3_2.mp3,"[1, 2, 6, 3, 2, 5, 3, 1]",,0,4,1,1,0,1
flba1o,tonic Bb4,fc_IC_accent_3_4.mp3,"[1, 2, 6, 3, 2, 5, 3, 1]",,0,4,1,1,1,1
flba1o,tonic Bb4,fc_IC_accent_5_3.mp3,"[1, 2, 6, 5, 4, 3, 1]",,0,4,1,1,1,1
flba1o,tonic Bb4,fc_IC_accent_5_1.mp3,"[1, 2, 6, 5, 4, 5, 3, 1]",,0,4,1,1,1,1
flba1o,tonic Bb4,fc_IC_default_3_4.mp3,"[1, 3, 6, 3, 2, 3, 1]",,1,4,1,1,0,1
w44qgq,tonic Bb4,fc_IC_default_3_2.mp3,"[1, 2, 6, 3, 2, 5, 3, 1]",,0,4,1,1,0,0
w44qgq,tonic Bb4,fc_IC_default_5_3.mp3,"[1, 2, 6, 5, 4, 5, 3, 1]",,1,4,1,1,0,0
w44qgq,tonic Bb4,fc_IC_default_5_2.mp3,"[1, 2, 6, 5, 4, 3, 1]",,1,4,1,1,0,0
w44qgq,tonic Bb4,fc_IC_accent_3_1.mp3,"[1, 2, 6, 3, 2, 3, 1]",,0,4,1,1,1,0
w44qgq,tonic Bb4,fc_IC_default_5_1.mp3,"[1, 2, 6, 5, 4, 3, 1]",,0,4,1,1,0,0
w44qgq,tonic Bb4,fc_IC_accent_5_3.mp3,"[1, 2, 6, 5, 4, 3, 1]",,1,4,1,1,1,0
w44qgq,tonic Bb4,fc_IC_accent_5_2.mp3,"[1, 2, 3, 6, 5, 4, 3, 1]",,1,5,2,2,1,0
w44qgq,tonic Bb4,fc_IC_default_3_3.mp3,"[1, 2, 6, 3, 2, 5, 3, 1]",,0,4,1,1,0,0
w44qgq,tonic Bb4,fc_IC_default_3_1.mp3,"[1, 2, 6, 3, 2, 3, 1]",,1,4,1,1,0,0
w44qgq,tonic Bb4,fc_IC_accent_3_3.mp3,"[1, 2, 6, 3, 2, 3, 1]",,0,4,1,1,1,0
w44qgq,tonic Bb4,fc_IC_accent_3_2.mp3,"[1, 2, 6, 3, 2, 3, 1]",,0,4,1,1,1,0
w44qgq,tonic Bb4,fc_IC_accent_5_4.mp3,"[1, 2, 6, 5, 4, 3, 1]",,0,4,1,1,1,0
w44qgq,tonic Bb4,fc_IC_accent_3_4.mp3,"[1, 2, 6, 3, 2, 5, 3, 1]",,0,4,1,1,1,0
w44qgq,tonic Bb4,fc_IC_default_3_4.mp3,"[1, 3, 6, 3, 2, 3, 1]",,1,4,1,1,0,0
w44qgq,tonic Bb4,fc_IC_accent_5_1.mp3,"[1, 2, 6, 5, 4, 5, 3, 1]",,1,4,1,1,1,0
w44qgq,tonic Bb4,fc_IC_default_5_4.mp3,"[1, 3, 6, 5, 4, 3, 1]",,0,4,1,1,0,0
fvlttn,tonic Bb4,fc_IC_default_3_3.mp3,"[1, 2, 6, 3, 2, 5, 3, 1]",,0,4,1,1,0,0
fvlttn,tonic Bb4,fc_IC_default_3_1.mp3,"[1, 2, 6, 3, 2, 3, 1]",,0,4,1,1,0,0
fvlttn,tonic Bb4,fc_IC_accent_3_3.mp3,"[1, 2, 6, 3, 2, 3, 1]",,1,4,1,1,1,0
fvlttn,tonic Bb4,fc_IC_accent_5_1.mp3,"[1, 2, 6, 5, 4, 5, 3, 1]",,0,4,1,1,1,0
fvlttn,tonic Bb4,fc_IC_default_5_1.mp3,"[1, 2, 6, 5, 4, 3, 1]",,0,4,1,1,0,0
fvlttn,tonic Bb4,fc_IC_default_3_2.mp3,"[1, 2, 6, 3, 2, 5, 3, 1]",,0,4,1,1,0,0
fvlttn,tonic Bb4,fc_IC_default_5_4.mp3,"[1, 3, 6, 5, 4, 3, 1]",,0,4,1,1,0,0
fvlttn,tonic Bb4,fc_IC_default_5_2.mp3,"[1, 2, 6, 5, 4, 3, 1]",,1,4,1,1,0,0
fvlttn,tonic Bb4,fc_IC_accent_5_4.mp3,"[1, 2, 6, 5, 4, 3, 1]",,0,4,1,1,1,0
fvlttn,tonic Bb4,fc_IC_accent_3_1.mp3,"[1, 2, 6, 3, 2, 3, 1]",,1,4,1,1,1,0
fvlttn,tonic Bb4,fc_IC_default_3_4.mp3,"[1, 3, 6, 3, 2, 3, 1]",,0,4,1,1,0,0
fvlttn,tonic Bb4,fc_IC_default_5_3.mp3,"[1, 2, 6, 5, 4, 5, 3, 1]",,1,4,1,1,0,0
fvlttn,tonic Bb4,fc_IC_accent_3_2.mp3,"[1, 2, 6, 3, 2, 3, 1]",,0,4,1,1,1,0
fvlttn,tonic Bb4,fc_IC_accent_5_3.mp3,"[1, 2, 6, 5, 4, 3, 1]",,0,4,1,1,1,0
fvlttn,tonic Bb4,fc_IC_accent_5_2.mp3,"[1, 2, 3, 6, 5, 4, 3, 1]",,0,5,2,2,1,0
fvlttn,tonic Bb4,fc_IC_accent_3_4.mp3,"[1, 2, 6, 3, 2, 5, 3, 1]",,0,4,1,1,1,0
zo2z5j,tonic Bb4,fc_IC_default_5_1.mp3,"[1, 2, 6, 5, 4, 3, 1]",,0,4,1,1,0,0
zo2z5j,tonic Bb4,fc_IC_default_3_1.mp3,"[1, 2, 6, 3, 2, 3, 1]",,0,4,1,1,0,0
zo2z5j,tonic Bb4,fc_IC_default_3_4.mp3,"[1, 3, 6, 3, 2, 3, 1]",,0,4,1,1,0,0
zo2z5j,tonic Bb4,fc_IC_default_3_2.mp3,"[1, 2, 6, 3, 2, 5, 3, 1]",,0,4,1,1,0,0
zo2z5j,tonic Bb4,fc_IC_accent_5_1.mp3,"[1, 2, 6, 5, 4, 5, 3, 1]",,0,4,1,1,1,0
zo2z5j,tonic Bb4,fc_IC_default_5_4.mp3,"[1, 3, 6, 5, 4, 3, 1]",,0,4,1,1,0,0
zo2z5j,tonic Bb4,fc_IC_default_5_3.mp3,"[1, 2, 6, 5, 4, 5, 3, 1]",,1,4,1,1,0,0
zo2z5j,tonic Bb4,fc_IC_default_3_3.mp3,"[1, 2, 6, 3, 2, 5, 3, 1]",,1,4,1,1,0,0
zo2z5j,tonic Bb4,fc_IC_default_5_2.mp3,"[1, 2, 6, 5, 4, 3, 1]",,1,4,1,1,0,0
zo2z5j,tonic Bb4,fc_IC_accent_3_4.mp3,"[1, 2, 6, 3, 2, 5, 3, 1]",,0,4,1,1,1,0
zo2z5j,tonic Bb4,fc_IC_accent_5_2.mp3,"[1, 2, 3, 6, 5, 4, 3, 1]",,0,5,2,2,1,0
zo2z5j,tonic Bb4,fc_IC_accent_3_3.mp3,"[1, 2, 6, 3, 2, 3, 1]",,0,4,1,1,1,0
zo2z5j,tonic Bb4,fc_IC_accent_5_4.mp3,"[1, 2, 6, 5, 4, 3, 1]",,0,4,1,1,1,0
zo2z5j,tonic Bb4,fc_IC_accent_3_2.mp3,"[1, 2, 6, 3, 2, 3, 1]",,0,4,1,1,1,0
zo2z5j,tonic Bb4,fc_IC_accent_3_1.mp3,"[1, 2, 6, 3, 2, 3, 1]",,0,4,1,1,1,0
zo2z5j,tonic Bb4,fc_IC_accent_5_3.mp3,"[1, 2, 6, 5, 4, 3, 1]",,1,4,1,1,1,0
c6mxcy,tonic Bb4,fc_IC_default_5_4.mp3,"[1, 3, 6, 5, 4, 3, 1]",,0,4,1,1,0,0
c6mxcy,tonic Bb4,fc_IC_default_5_2.mp3,"[1, 2, 6, 5, 4, 3, 1]",,0,4,1,1,0,0
c6mxcy,tonic Bb4,fc_IC_default_5_1.mp3,"[1, 2, 6, 5, 4, 3, 1]",,0,4,1,1,0,0
c6mxcy,tonic Bb4,fc_IC_accent_5_3.mp3,"[1, 2, 6, 5, 4, 3, 1]",,1,4,1,1,1,0
c6mxcy,tonic Bb4,fc_IC_accent_3_3.mp3,"[1, 2, 6, 3, 2, 3, 1]",,1,4,1,1,1,0
c6mxcy,tonic Bb4,fc_IC_accent_5_2.mp3,"[1, 2, 3, 6, 5, 4, 3, 1]",,1,5,2,2,1,0
c6mxcy,tonic Bb4,fc_IC_default_3_3.mp3,"[1, 2, 6, 3, 2, 5, 3, 1]",,0,4,1,1,0,0
c6mxcy,tonic Bb4,fc_IC_accent_3_4.mp3,"[1, 2, 6, 3, 2, 5, 3, 1]",,0,4,1,1,1,0
c6mxcy,tonic Bb4,fc_IC_accent_3_2.mp3,"[1, 2, 6, 3, 2, 3, 1]",,1,4,1,1,1,0
c6mxcy,tonic Bb4,fc_IC_accent_5_1.mp3,"[1, 2, 6, 5, 4, 5, 3, 1]",,1,4,1,1,1,0
c6mxcy,tonic Bb4,fc_IC_default_3_4.mp3,"[1, 3, 6, 3, 2, 3, 1]",,0,4,1,1,0,0
c6mxcy,tonic Bb4,fc_IC_default_5_3.mp3,"[1, 2, 6, 5, 4, 5, 3, 1]",,1,4,1,1,0,0
c6mxcy,tonic Bb4,fc_IC_accent_3_1.mp3,"[1, 2, 6, 3, 2, 3, 1]",,1,4,1,1,1,0
c6mxcy,tonic Bb4,fc_IC_default_3_1.mp3,"[1, 2, 6, 3, 2, 3, 1]",,1,4,1,1,0,0
c6mxcy,tonic Bb4,fc_IC_default_3_2.mp3,"[1, 2, 6, 3, 2, 5, 3, 1]",,1,4,1,1,0,0
c6mxcy,tonic Bb4,fc_IC_accent_5_4.mp3,"[1, 2, 6, 5, 4, 3, 1]",,1,4,1,1,1,0
wtnk42,tonic Bb4,fc_IC_accent_3_1.mp3,"[1, 2, 6, 3, 2, 3, 1]",,1,4,1,1,1,0
wtnk42,tonic Bb4,fc_IC_accent_5_2.mp3,"[1, 2, 3, 6, 5, 4, 3, 1]",,1,5,2,2,1,0
wtnk42,tonic Bb4,fc_IC_accent_3_4.mp3,"[1, 2, 6, 3, 2, 5, 3, 1]",,1,4,1,1,1,0
wtnk42,tonic Bb4,fc_IC_accent_3_2.mp3,"[1, 2, 6, 3, 2, 3, 1]",,1,4,1,1,1,0
wtnk42,tonic Bb4,fc_IC_default_3_2.mp3,"[1, 2, 6, 3, 2, 5, 3, 1]",,0,4,1,1,0,0
wtnk42,tonic Bb4,fc_IC_accent_5_4.mp3,"[1, 2, 6, 5, 4, 3, 1]",,0,4,1,1,1,0
wtnk42,tonic Bb4,fc_IC_default_5_3.mp3,"[1, 2, 6, 5, 4, 5, 3, 1]",,0,4,1,1,0,0
wtnk42,tonic Bb4,fc_IC_accent_5_1.mp3,"[1, 2, 6, 5, 4, 5, 3, 1]",,0,4,1,1,1,0
wtnk42,tonic Bb4,fc_IC_default_5_4.mp3,"[1, 3, 6, 5, 4, 3, 1]",,0,4,1,1,0,0
wtnk42,tonic Bb4,fc_IC_default_3_4.mp3,"[1, 3, 6, 3, 2, 3, 1]",,1,4,1,1,0,0
wtnk42,tonic Bb4,fc_IC_default_5_2.mp3,"[1, 2, 6, 5, 4, 3, 1]",,0,4,1,1,0,0
wtnk42,tonic Bb4,fc_IC_default_3_3.mp3,"[1, 2, 6, 3, 2, 5, 3, 1]",,0,4,1,1,0,0
wtnk42,tonic Bb4,fc_IC_default_3_1.mp3,"[1, 2, 6, 3, 2, 3, 1]",,1,4,1,1,0,0
wtnk42,tonic Bb4,fc_IC_default_5_1.mp3,"[1, 2, 6, 5, 4, 3, 1]",,0,4,1,1,0,0
wtnk42,tonic Bb4,fc_IC_accent_5_3.mp3,"[1, 2, 6, 5, 4, 3, 1]",,1,4,1,1,1,0
wtnk42,tonic Bb4,fc_IC_accent_3_3.mp3,"[1, 2, 6, 3, 2, 3, 1]",,1,4,1,1,1,0
jy93qc,tonic C4,fc_IC_accent_3_3.mp3,"[1, 2, 6, 3, 2, 5, 3, 1]",,0,4,1,1,1,1
jy93qc,tonic C4,fc_IC_accent_3_1.mp3,"[1, 2, 6, 3, 2, 5, 3, 1]",,1,4,1,1,1,1
jy93qc,tonic C4,fc_IC_default_5_1.mp3,"[1, 2, 6, 5, 4, 3, 1]",,0,4,1,1,0,1
jy93qc,tonic C4,fc_IC_default_3_2.mp3,"[1, 2, 6, 3, 2, 5, 3, 1]",,1,4,1,1,0,1
jy93qc,tonic C4,fc_IC_accent_5_3.mp3,"[1, 2, 6, 5, 4, 5, 3, 1]",,1,4,1,1,1,1
jy93qc,tonic C4,fc_IC_default_3_1.mp3,"[1, 3, 6, 3, 2, 3, 1]",,1,4,1,1,0,1
jy93qc,tonic C4,fc_IC_default_3_3.mp3,"[1, 2, 6, 3, 2, 3, 1]",,0,4,1,1,0,1
jy93qc,tonic C4,fc_IC_accent_3_2.mp3,"[1, 2, 6, 3, 2, 3, 1]",,0,4,1,1,1,1
jy93qc,tonic C4,fc_IC_accent_3_4.mp3,"[1, 2, 6, 3, 2, 5, 3, 1]",,0,4,1,1,1,1
jy93qc,tonic C4,fc_IC_accent_5_4.mp3,"[1, 2, 6, 5, 4, 5, 3, 1]",,1,4,1,1,1,1
jy93qc,tonic C4,fc_IC_default_5_4.mp3,"[1, 2, 6, 5, 4, 5, 3, 1]",,1,4,1,1,0,1
jy93qc,tonic C4,fc_IC_accent_5_1.mp3,"[1, 2, 6, 5, 4, 5, 3, 1]",,1,4,1,1,1,1
jy93qc,tonic C4,fc_IC_default_3_4.mp3,"[1, 2, 6, 3, 2, 5, 3, 1]",,1,4,1,1,0,1
jy93qc,tonic C4,fc_IC_default_5_2.mp3,"[1, 2, 6, 5, 4, 5, 3, 1]",,1,4,1,1,0,1
jy93qc,tonic C4,fc_IC_accent_5_2.mp3,"[1, 2, 6, 5, 4, 5, 3, 1]",,1,4,1,1,1,1
jy93qc,tonic C4,fc_IC_default_5_3.mp3,"[1, 2, 6, 5, 4, 3, 1]",,1,4,1,1,0,1
g0002z,tonic C4,fc_IC_default_5_1.mp3,"[1, 2, 6, 5, 4, 3, 1]",,1,4,1,1,0,0
g0002z,tonic C4,fc_IC_accent_3_4.mp3,"[1, 2, 6, 3, 2, 5, 3, 1]",,0,4,1,1,1,0
g0002z,tonic C4,fc_IC_accent_5_3.mp3,"[1, 2, 6, 5, 4, 5, 3, 1]",,0,4,1,1,1,0
g0002z,tonic C4,fc_IC_default_5_2.mp3,"[1, 2, 6, 5, 4, 5, 3, 1]",,1,4,1,1,0,0
g0002z,tonic C4,fc_IC_default_3_4.mp3,"[1, 2, 6, 3, 2, 5, 3, 1]",,0,4,1,1,0,0
g0002z,tonic C4,fc_IC_default_3_3.mp3,"[1, 2, 6, 3, 2, 3, 1]",,0,4,1,1,0,0
g0002z,tonic C4,fc_IC_accent_5_2.mp3,"[1, 2, 6, 5, 4, 5, 3, 1]",,1,4,1,1,1,0
g0002z,tonic C4,fc_IC_accent_3_2.mp3,"[1, 2, 6, 3, 2, 3, 1]",,1,4,1,1,1,0
g0002z,tonic C4,fc_IC_accent_5_4.mp3,"[1, 2, 6, 5, 4, 5, 3, 1]",,1,4,1,1,1,0
g0002z,tonic C4,fc_IC_accent_5_1.mp3,"[1, 2, 6, 5, 4, 5, 3, 1]",,1,4,1,1,1,0
g0002z,tonic C4,fc_IC_default_3_1.mp3,"[1, 3, 6, 3, 2, 3, 1]",,0,4,1,1,0,0
g0002z,tonic C4,fc_IC_default_3_2.mp3,"[1, 2, 6, 3, 2, 5, 3, 1]",,0,4,1,1,0,0
g0002z,tonic C4,fc_IC_accent_3_3.mp3,"[1, 2, 6, 3, 2, 5, 3, 1]",,0,4,1,1,1,0
g0002z,tonic C4,fc_IC_default_5_4.mp3,"[1, 2, 6, 5, 4, 5, 3, 1]",,1,4,1,1,0,0
g0002z,tonic C4,fc_IC_accent_3_1.mp3,"[1, 2, 6, 3, 2, 5, 3, 1]",,0,4,1,1,1,0
g0002z,tonic C4,fc_IC_default_5_3.mp3,"[1, 2, 6, 5, 4, 3, 1]",,0,4,1,1,0,0
1u4joh,tonic C4,fc_IC_default_5_3.mp3,"[1, 2, 6, 5, 4, 3, 1]",,0,4,1,1,0,1
1u4joh,tonic C4,fc_IC_accent_5_4.mp3,"[1, 2, 6, 5, 4, 5, 3, 1]",,1,4,1,1,1,1
1u4joh,tonic C4,fc_IC_accent_3_3.mp3,"[1, 2, 6, 3, 2, 5, 3, 1]",,1,4,1,1,1,1
1u4joh,tonic C4,fc_IC_accent_3_4.mp3,"[1, 2, 6, 3, 2, 5, 3, 1]",,1,4,1,1,1,1
1u4joh,tonic C4,fc_IC_default_3_3.mp3,"[1, 2, 6, 3, 2, 3, 1]",,1,4,1,1,0,1
1u4joh,tonic C4,fc_IC_default_3_1.mp3,"[1, 3, 6, 3, 2, 3, 1]",,1,4,1,1,0,1
1u4joh,tonic C4,fc_IC_accent_3_2.mp3,"[1, 2, 6, 3, 2, 3, 1]",,1,4,1,1,1,1
1u4joh,tonic C4,fc_IC_default_5_1.mp3,"[1, 2, 6, 5, 4, 3, 1]",,0,4,1,1,0,1
1u4joh,tonic C4,fc_IC_default_5_4.mp3,"[1, 2, 6, 5, 4, 5, 3, 1]",,0,4,1,1,0,1
1u4joh,tonic C4,fc_IC_accent_5_2.mp3,"[1, 2, 6, 5, 4, 5, 3, 1]",,1,4,1,1,1,1
1u4joh,tonic C4,fc_IC_accent_5_3.mp3,"[1, 2, 6, 5, 4, 5, 3, 1]",,1,4,1,1,1,1
1u4joh,tonic C4,fc_IC_accent_5_1.mp3,"[1, 2, 6, 5, 4, 5, 3, 1]",,1,4,1,1,1,1
1u4joh,tonic C4,fc_IC_default_3_2.mp3,"[1, 2, 6, 3, 2, 5, 3, 1]",,1,4,1,1,0,1
1u4joh,tonic C4,fc_IC_default_3_4.mp3,"[1, 2, 6, 3, 2, 5, 3, 1]",,1,4,1,1,0,1
1u4joh,tonic C4,fc_IC_accent_3_1.mp3,"[1, 2, 6, 3, 2, 5, 3, 1]",,0,4,1,1,1,1
1u4joh,tonic C4,fc_IC_default_5_2.mp3,"[1, 2, 6, 5, 4, 5, 3, 1]",,1,4,1,1,0,1
46zpvr,tonic C4,fc_IC_accent_5_4.mp3,"[1, 2, 6, 5, 4, 5, 3, 1]",,1,4,1,1,1,0
46zpvr,tonic C4,fc_IC_default_3_1.mp3,"[1, 3, 6, 3, 2, 3, 1]",,1,4,1,1,0,0
46zpvr,tonic C4,fc_IC_default_3_4.mp3,"[1, 2, 6, 3, 2, 5, 3, 1]",,0,4,1,1,0,0
46zpvr,tonic C4,fc_IC_accent_3_4.mp3,"[1, 2, 6, 3, 2, 5, 3, 1]",,0,4,1,1,1,0
46zpvr,tonic C4,fc_IC_default_3_2.mp3,"[1, 2, 6, 3, 2, 5, 3, 1]",,0,4,1,1,0,0
46zpvr,tonic C4,fc_IC_default_3_3.mp3,"[1, 2, 6, 3, 2, 3, 1]",,0,4,1,1,0,0
46zpvr,tonic C4,fc_IC_accent_3_2.mp3,"[1, 2, 6, 3, 2, 3, 1]",,0,4,1,1,1,0
46zpvr,tonic C4,fc_IC_accent_3_3.mp3,"[1, 2, 6, 3, 2, 5, 3, 1]",,0,4,1,1,1,0
46zpvr,tonic C4,fc_IC_default_5_1.mp3,"[1, 2, 6, 5, 4, 3, 1]",,0,4,1,1,0,0
46zpvr,tonic C4,fc_IC_default_5_4.mp3,"[1, 2, 6, 5, 4, 5, 3, 1]",,1,4,1,1,0,0
46zpvr,tonic C4,fc_IC_accent_5_3.mp3,"[1, 2, 6, 5, 4, 5, 3, 1]",,0,4,1,1,1,0
46zpvr,tonic C4,fc_IC_default_5_2.mp3,"[1, 2, 6, 5, 4, 5, 3, 1]",,1,4,1,1,0,0
46zpvr,tonic C4,fc_IC_default_5_3.mp3,"[1, 2, 6, 5, 4, 3, 1]",,0,4,1,1,0,0
46zpvr,tonic C4,fc_IC_accent_5_1.mp3,"[1, 2, 6, 5, 4, 5, 3, 1]",,0,4,1,1,1,0
46zpvr,tonic C4,fc_IC_accent_5_2.mp3,"[1, 2, 6, 5, 4, 5, 3, 1]",,1,4,1,1,1,0
46zpvr,tonic C4,fc_IC_accent_3_1.mp3,"[1, 2, 6, 3, 2, 5, 3, 1]",,1,4,1,1,1,0
arbz2g,tonic C4,fc_IC_default_3_1.mp3,"[1, 3, 6, 3, 2, 3, 1]",,1,4,1,1,0,0
arbz2g,tonic C4,fc_IC_accent_3_3.mp3,"[1, 2, 6, 3, 2, 5, 3, 1]",,1,4,1,1,1,0
arbz2g,tonic C4,fc_IC_accent_3_4.mp3,"[1, 2, 6, 3, 2, 5, 3, 1]",,1,4,1,1,1,0
arbz2g,tonic C4,fc_IC_default_3_2.mp3,"[1, 2, 6, 3, 2, 5, 3, 1]",,1,4,1,1,0,0
arbz2g,tonic C4,fc_IC_default_3_4.mp3,"[1, 2, 6, 3, 2, 5, 3, 1]",,1,4,1,1,0,0
arbz2g,tonic C4,fc_IC_default_3_3.mp3,"[1, 2, 6, 3, 2, 3, 1]",,0,4,1,1,0,0
arbz2g,tonic C4,fc_IC_default_5_2.mp3,"[1, 2, 6, 5, 4, 5, 3, 1]",,0,4,1,1,0,0
arbz2g,tonic C4,fc_IC_default_5_4.mp3,"[1, 2, 6, 5, 4, 5, 3, 1]",,0,4,1,1,0,0
arbz2g,tonic C4,fc_IC_accent_5_1.mp3,"[1, 2, 6, 5, 4, 5, 3, 1]",,0,4,1,1,1,0
arbz2g,tonic C4,fc_IC_accent_3_1.mp3,"[1, 2, 6, 3, 2, 5, 3, 1]",,1,4,1,1,1,0
arbz2g,tonic C4,fc_IC_accent_5_4.mp3,"[1, 2, 6, 5, 4, 5, 3, 1]",,0,4,1,1,1,0
arbz2g,tonic C4,fc_IC_default_5_3.mp3,"[1, 2, 6, 5, 4, 3, 1]",,1,4,1,1,0,0
arbz2g,tonic C4,fc_IC_accent_3_2.mp3,"[1, 2, 6, 3, 2, 3, 1]",,1,4,1,1,1,0
arbz2g,tonic C4,fc_IC_accent_5_2.mp3,"[1, 2, 6, 5, 4, 5, 3, 1]",,1,4,1,1,1,0
arbz2g,tonic C4,fc_IC_accent_5_3.mp3,"[1, 2, 6, 5, 4, 5, 3, 1]",,1,4,1,1,1,0
arbz2g,tonic C4,fc_IC_default_5_1.mp3,"[1, 2, 6, 5, 4, 3, 1]",,1,4,1,1,0,0
blxlcd,tonic C4,fc_IC_accent_3_1.mp3,"[1, 2, 6, 3, 2, 5, 3, 1]",,1,4,1,1,1,0
blxlcd,tonic C4,fc_IC_default_5_4.mp3,"[1, 2, 6, 5, 4, 5, 3, 1]",,1,4,1,1,0,0
blxlcd,tonic C4,fc_IC_default_5_1.mp3,"[1, 2, 6, 5, 4, 3, 1]",,1,4,1,1,0,0
blxlcd,tonic C4,fc_IC_accent_3_4.mp3,"[1, 2, 6, 3, 2, 5, 3, 1]",,0,4,1,1,1,0
blxlcd,tonic C4,fc_IC_accent_5_4.mp3,"[1, 2, 6, 5, 4, 5, 3, 1]",,0,4,1,1,1,0
blxlcd,tonic C4,fc_IC_accent_3_3.mp3,"[1, 2, 6, 3, 2, 5, 3, 1]",,0,4,1,1,1,0
blxlcd,tonic C4,fc_IC_accent_5_3.mp3,"[1, 2, 6, 5, 4, 5, 3, 1]",,0,4,1,1,1,0
blxlcd,tonic C4,fc_IC_accent_5_2.mp3,"[1, 2, 6, 5, 4, 5, 3, 1]",,1,4,1,1,1,0
blxlcd,tonic C4,fc_IC_default_3_1.mp3,"[1, 3, 6, 3, 2, 3, 1]",,0,4,1,1,0,0
blxlcd,tonic C4,fc_IC_default_3_4.mp3,"[1, 2, 6, 3, 2, 5, 3, 1]",,1,4,1,1,0,0
blxlcd,tonic C4,fc_IC_default_3_2.mp3,"[1, 2, 6, 3, 2, 5, 3, 1]",,1,4,1,1,0,0
blxlcd,tonic C4,fc_IC_default_3_3.mp3,"[1, 2, 6, 3, 2, 3, 1]",,1,4,1,1,0,0
blxlcd,tonic C4,fc_IC_accent_3_2.mp3,"[1, 2, 6, 3, 2, 3, 1]",,1,4,1,1,1,0
blxlcd,tonic C4,fc_IC_accent_5_1.mp3,"[1, 2, 6, 5, 4, 5, 3, 1]",,1,4,1,1,1,0
blxlcd,tonic C4,fc_IC_default_5_3.mp3,"[1, 2, 6, 5, 4, 3, 1]",,0,4,1,1,0,0
blxlcd,tonic C4,fc_IC_default_5_2.mp3,"[1, 2, 6, 5, 4, 5, 3, 1]",,0,4,1,1,0,0
8e8ek2,tonic C4,fc_IC_default_5_4.mp3,"[1, 2, 6, 5, 4, 5, 3, 1]",,0,4,1,1,0,1
8e8ek2,tonic C4,fc_IC_default_3_1.mp3,"[1, 3, 6, 3, 2, 3, 1]",,1,4,1,1,0,1
8e8ek2,tonic C4,fc_IC_default_3_3.mp3,"[1, 2, 6, 3, 2, 3, 1]",,1,4,1,1,0,1
8e8ek2,tonic C4,fc_IC_default_5_2.mp3,"[1, 2, 6, 5, 4, 5, 3, 1]",,0,4,1,1,0,1
8e8ek2,tonic C4,fc_IC_default_3_2.mp3,"[1, 2, 6, 3, 2, 5, 3, 1]",,0,4,1,1,0,1
8e8ek2,tonic C4,fc_IC_accent_3_3.mp3,"[1, 2, 6, 3, 2, 5, 3, 1]",,1,4,1,1,1,1
8e8ek2,tonic C4,fc_IC_accent_3_4.mp3,"[1, 2, 6, 3, 2, 5, 3, 1]",,0,4,1,1,1,1
8e8ek2,tonic C4,fc_IC_accent_3_2.mp3,"[1, 2, 6, 3, 2, 3, 1]",,1,4,1,1,1,1
8e8ek2,tonic C4,fc_IC_accent_5_1.mp3,"[1, 2, 6, 5, 4, 5, 3, 1]",,1,4,1,1,1,1
8e8ek2,tonic C4,fc_IC_default_3_4.mp3,"[1, 2, 6, 3, 2, 5, 3, 1]",,0,4,1,1,0,1
8e8ek2,tonic C4,fc_IC_accent_5_3.mp3,"[1, 2, 6, 5, 4, 5, 3, 1]",,0,4,1,1,1,1
8e8ek2,tonic C4,fc_IC_default_5_1.mp3,"[1, 2, 6, 5, 4, 3, 1]",,0,4,1,1,0,1
8e8ek2,tonic C4,fc_IC_accent_5_2.mp3,"[1, 2, 6, 5, 4, 5, 3, 1]",,0,4,1,1,1,1
8e8ek2,tonic C4,fc_IC_accent_5_4.mp3,"[1, 2, 6, 5, 4, 5, 3, 1]",,0,4,1,1,1,1
8e8ek2,tonic C4,fc_IC_accent_3_1.mp3,"[1, 2, 6, 3, 2, 5, 3, 1]",,0,4,1,1,1,1
8e8ek2,tonic C4,fc_IC_default_5_3.mp3,"[1, 2, 6, 5, 4, 3, 1]",,0,4,1,1,0,1
0shbaf,tonic C4,fc_IC_accent_5_2.mp3,"[1, 2, 6, 5, 4, 5, 3, 1]",,0,4,1,1,1,1
0shbaf,tonic C4,fc_IC_default_5_2.mp3,"[1, 2, 6, 5, 4, 5, 3, 1]",,0,4,1,1,0,1
0shbaf,tonic C4,fc_IC_accent_3_3.mp3,"[1, 2, 6, 3, 2, 5, 3, 1]",,1,4,1,1,1,1
0shbaf,tonic C4,fc_IC_default_3_1.mp3,"[1, 3, 6, 3, 2, 3, 1]",,0,4,1,1,0,1
0shbaf,tonic C4,fc_IC_default_5_3.mp3,"[1, 2, 6, 5, 4, 3, 1]",,1,4,1,1,0,1
0shbaf,tonic C4,fc_IC_accent_5_3.mp3,"[1, 2, 6, 5, 4, 5, 3, 1]",,1,4,1,1,1,1
0shbaf,tonic C4,fc_IC_accent_3_4.mp3,"[1, 2, 6, 3, 2, 5, 3, 1]",,0,4,1,1,1,1
0shbaf,tonic C4,fc_IC_default_3_2.mp3,"[1, 2, 6, 3, 2, 5, 3, 1]",,0,4,1,1,0,1
0shbaf,tonic C4,fc_IC_accent_5_4.mp3,"[1, 2, 6, 5, 4, 5, 3, 1]",,1,4,1,1,1,1
0shbaf,tonic C4,fc_IC_default_3_3.mp3,"[1, 2, 6, 3, 2, 3, 1]",,0,4,1,1,0,1
0shbaf,tonic C4,fc_IC_accent_3_1.mp3,"[1, 2, 6, 3, 2, 5, 3, 1]",,0,4,1,1,1,1
0shbaf,tonic C4,fc_IC_accent_3_2.mp3,"[1, 2, 6, 3, 2, 3, 1]",,1,4,1,1,1,1
0shbaf,tonic C4,fc_IC_default_5_4.mp3,"[1, 2, 6, 5, 4, 5, 3, 1]",,1,4,1,1,0,1
0shbaf,tonic C4,fc_IC_accent_5_1.mp3,"[1, 2, 6, 5, 4, 5, 3, 1]",,0,4,1,1,1,1
0shbaf,tonic C4,fc_IC_default_3_4.mp3,"[1, 2, 6, 3, 2, 5, 3, 1]",,0,4,1,1,0,1
0shbaf,tonic C4,fc_IC_default_5_1.mp3,"[1, 2, 6, 5, 4, 3, 1]",,1,4,1,1,0,1
g30n40,tonic C4,fc_IC_accent_3_4.mp3,"[1, 2, 6, 3, 2, 5, 3, 1]",,1,4,1,1,1,0
g30n40,tonic C4,fc_IC_accent_3_3.mp3,"[1, 2, 6, 3, 2, 5, 3, 1]",,0,4,1,1,1,0
g30n40,tonic C4,fc_IC_default_5_4.mp3,"[1, 2, 6, 5, 4, 5, 3, 1]",,1,4,1,1,0,0
g30n40,tonic C4,fc_IC_accent_5_2.mp3,"[1, 2, 6, 5, 4, 5, 3, 1]",,0,4,1,1,1,0
g30n40,tonic C4,fc_IC_default_5_2.mp3,"[1, 2, 6, 5, 4, 5, 3, 1]",,1,4,1,1,0,0
g30n40,tonic C4,fc_IC_accent_5_1.mp3,"[1, 2, 6, 5, 4, 5, 3, 1]",,0,4,1,1,1,0
g30n40,tonic C4,fc_IC_accent_5_3.mp3,"[1, 2, 6, 5, 4, 5, 3, 1]",,0,4,1,1,1,0
g30n40,tonic C4,fc_IC_default_5_1.mp3,"[1, 2, 6, 5, 4, 3, 1]",,0,4,1,1,0,0
g30n40,tonic C4,fc_IC_accent_5_4.mp3,"[1, 2, 6, 5, 4, 5, 3, 1]",,1,4,1,1,1,0
g30n40,tonic C4,fc_IC_default_3_1.mp3,"[1, 3, 6, 3, 2, 3, 1]",,1,4,1,1,0,0
g30n40,tonic C4,fc_IC_default_3_2.mp3,"[1, 2, 6, 3, 2, 5, 3, 1]",,0,4,1,1,0,0
g30n40,tonic C4,fc_IC_accent_3_2.mp3,"[1, 2, 6, 3, 2, 3, 1]",,1,4,1,1,1,0
g30n40,tonic C4,fc_IC_default_5_3.mp3,"[1, 2, 6, 5, 4, 3, 1]",,0,4,1,1,0,0
g30n40,tonic C4,fc_IC_default_3_4.mp3,"[1, 2, 6, 3, 2, 5, 3, 1]",,1,4,1,1,0,0
g30n40,tonic C4,fc_IC_default_3_3.mp3,"[1, 2, 6, 3, 2, 3, 1]",,1,4,1,1,0,0
g30n40,tonic C4,fc_IC_accent_3_1.mp3,"[1, 2, 6, 3, 2, 5, 3, 1]",,1,4,1,1,1,0
y59mja,tonic C4,fc_IC_default_3_1.mp3,"[1, 3, 6, 3, 2, 3, 1]",,1,4,1,1,0,0
y59mja,tonic C4,fc_IC_accent_3_4.mp3,"[1, 2, 6, 3, 2, 5, 3, 1]",,1,4,1,1,1,0
y59mja,tonic C4,fc_IC_accent_3_1.mp3,"[1, 2, 6, 3, 2, 5, 3, 1]",,0,4,1,1,1,0
y59mja,tonic C4,fc_IC_accent_5_2.mp3,"[1, 2, 6, 5, 4, 5, 3, 1]",,1,4,1,1,1,0
y59mja,tonic C4,fc_IC_default_3_3.mp3,"[1, 2, 6, 3, 2, 3, 1]",,0,4,1,1,0,0
y59mja,tonic C4,fc_IC_accent_3_2.mp3,"[1, 2, 6, 3, 2, 3, 1]",,1,4,1,1,1,0
y59mja,tonic C4,fc_IC_accent_5_1.mp3,"[1, 2, 6, 5, 4, 5, 3, 1]",,1,4,1,1,1,0
y59mja,tonic C4,fc_IC_default_5_3.mp3,"[1, 2, 6, 5, 4, 3, 1]",,1,4,1,1,0,0
y59mja,tonic C4,fc_IC_accent_3_3.mp3,"[1, 2, 6, 3, 2, 5, 3, 1]",,1,4,1,1,1,0
y59mja,tonic C4,fc_IC_accent_5_4.mp3,"[1, 2, 6, 5, 4, 5, 3, 1]",,0,4,1,1,1,0
y59mja,tonic C4,fc_IC_default_3_4.mp3,"[1, 2, 6, 3, 2, 5, 3, 1]",,0,4,1,1,0,0
y59mja,tonic C4,fc_IC_default_5_1.mp3,"[1, 2, 6, 5, 4, 3, 1]",,0,4,1,1,0,0
y59mja,tonic C4,fc_IC_accent_5_3.mp3,"[1, 2, 6, 5, 4, 5, 3, 1]",,1,4,1,1,1,0
y59mja,tonic C4,fc_IC_default_5_4.mp3,"[1, 2, 6, 5, 4, 5, 3, 1]",,1,4,1,1,0,0
y59mja,tonic C4,fc_IC_default_3_2.mp3,"[1, 2, 6, 3, 2, 5, 3, 1]",,0,4,1,1,0,0
y59mja,tonic C4,fc_IC_default_5_2.mp3,"[1, 2, 6, 5, 4, 5, 3, 1]",,1,4,1,1,0,0
